cntry,1995_car,1996_car,1997_car,1998_car,1999_car,2000_car,2001_car,2002_car,2003_car,2004_car,2005_car,2006_car,2007_car,2008_car,Average_car,Minimum_car,Maximum_car,2005_alc,2008_alc,Average_alc,Minimum_alc,Maximum_alc,1995_fert,1996_fert,1997_fert,1998_fert,1999_fert,2000_fert,2001_fert,2002_fert,2003_fert,2004_fert,2005_fert,2006_fert,2007_fert,2008_fert,Average_fert,Minimum_fert,Maximum_fert,2002_tbc,2005_tbc,Average_tbc,Minimum_tbc,Maximum_tbc,1995_gdp,1996_gdp,1997_gdp,1998_gdp,1999_gdp,2000_gdp,2001_gdp,2002_gdp,2003_gdp,2004_gdp,2005_gdp,2006_gdp,2007_gdp,2008_gdp,Average_gdp,Minimum_gdp,Maximum_gdp
Albania,,,,,,,,,,,,5.977778497999999,,,5.977778497999999,5.977778497999999,5.977778497999999,6.68,7.29,6.984999999999999,6.68,7.29,2.7230000000000003,2.67,2.611,2.543,2.467,2.383,2.291,2.195,2.097,2.004,1.919,1.849,1.796,1.761,2.236357142857143,1.761,2.7230000000000003,22.4,22.4,22.4,22.4,22.4,2.0,2.0,2.0,2.0,2.0,2.0,2.0,2.0,2.0,2.0,2.0,3.0,3.0,3.0,2.0,2.0,3.0
Argentina,,,10.327,11.597000000000001,10.907,9.882,8.652999999999999,7.382999999999999,7.96,8.216000000000001,8.383,8.971,8.682,,9.178272727272729,7.382999999999999,11.597000000000001,10.0,9.35,9.675,9.35,10.0,2.7739999999999996,2.717,2.657,2.596,2.535,2.477,2.424,2.379,2.34,2.31,2.286,2.2680000000000002,2.254,2.241,2.447,2.241,2.7739999999999996,30.0,30.0,30.0,30.0,30.0,3.0,3.0,3.0,3.0,3.0,3.0,3.0,3.0,3.0,3.0,3.0,3.0,3.0,3.0,3.0,3.0,3.0
Armenia,,,,,,,,,,,,,7.8993,,7.8993,7.8993,7.8993,11.35,13.66,12.504999999999999,11.35,13.66,1.8,1.8,1.7,1.5,1.4,1.3,1.2,1.2,1.4,1.4,1.4,1.3,1.4,1.4,1.4428571428571428,1.2,1.8,29.6,29.6,29.6,29.6,29.6,1.0,1.0,2.0,2.0,2.0,2.0,2.0,2.0,2.0,2.0,2.0,2.0,2.0,2.0,2.0,1.0,2.0
Australia,,,7.019,6.702000000000001,6.791,7.098,6.271,6.33,5.972,5.4239999999999995,,4.803,5.3352,,6.174519999999999,4.803,7.098,10.02,10.21,10.115,10.02,10.21,1.8219999999999998,1.796,1.778,1.7619999999999998,1.755,1.756,1.729,1.756,1.7480000000000002,1.7630000000000001,1.791,1.817,1.92,1.956,1.7963571428571432,1.729,1.956,24.8,24.8,24.8,24.8,24.8,4.0,4.0,4.0,4.0,4.0,4.0,4.0,4.0,4.0,4.0,4.0,4.0,4.0,4.0,4.0,4.0,4.0
Austria,,,,,7.774,5.761,6.08,4.685,5.044,4.655,4.4430000000000005,4.185,4.04,3.5410000000000004,5.0207999999999995,3.5410000000000004,7.774,13.24,12.4,12.82,12.4,13.24,1.4240000000000002,1.446,1.393,1.37,1.34,1.365,1.33,1.393,1.376,1.419,1.406,1.405,1.379,1.411,1.3897857142857146,1.33,1.446,43.3,43.3,43.3,43.3,43.3,4.0,4.0,4.0,4.0,4.0,4.0,4.0,4.0,4.0,4.0,4.0,4.0,4.0,4.0,4.0,4.0,4.0
Bahrain,,,21.061999999999998,25.811,4.247,13.530999999999999,13.600999999999999,,,,,,8.1903,,14.407049999999998,4.247,25.811,3.66,4.19,3.9250000000000003,3.66,4.19,3.1,3.005,2.926,2.862,2.81,2.765,2.718,2.665,2.602,2.529,2.449,2.367,2.292,2.229,2.6656428571428568,2.229,3.1,14.6,14.6,14.6,14.6,14.6,4.0,4.0,4.0,4.0,4.0,4.0,4.0,4.0,4.0,4.0,4.0,4.0,4.0,4.0,4.0,4.0,4.0
Bangladesh,,,,,,,,,,,,4.401493912,,,4.401493912,4.401493912,4.401493912,0.17,0.17,0.17,0.17,0.17,3.7319999999999998,3.596,3.468,3.346,3.2310000000000003,3.12,3.011,2.905,2.802,2.702,2.6069999999999998,2.52,2.443,2.377,2.9899999999999998,2.377,3.7319999999999998,25.6,25.6,25.6,25.6,25.6,1.0,1.0,1.0,1.0,1.0,1.0,1.0,1.0,1.0,1.0,1.0,1.0,1.0,1.0,1.0,1.0,1.0
Barbados,,,,,,9.517999999999999,4.013999999999999,8.266,8.106,,,,8.7703,,7.734859999999999,4.013999999999999,9.517999999999999,6.91,6.42,6.665,6.42,6.91,1.726,1.73,1.736,1.745,1.756,1.768,1.78,1.791,1.801,1.81,1.817,1.8219999999999998,1.827,1.831,1.7814285714285716,1.726,1.831,10.8,10.8,10.8,10.8,10.8,3.0,3.0,3.0,3.0,3.0,3.0,3.0,3.0,3.0,3.0,3.0,4.0,4.0,4.0,3.0,3.0,4.0
Belarus,,,,,,,,,,,,,8.45445403,,8.45445403,8.45445403,8.45445403,15.13,18.85,16.990000000000002,15.13,18.85,1.47,1.399,1.338,1.2890000000000001,1.252,1.23,1.224,1.232,1.252,1.281,1.315,1.351,1.386,1.416,1.3167857142857144,1.224,1.47,42.6,42.6,42.6,42.6,42.6,2.0,2.0,2.0,2.0,2.0,3.0,3.0,3.0,3.0,3.0,3.0,3.0,3.0,3.0,3.0,2.0,3.0
Belgium,7.0729999999999995,,7.727,9.802,9.144,,,,,6.641,,,5.42715,,7.635691666666666,5.42715,9.802,10.77,10.41,10.59,10.41,10.77,1.6059999999999999,1.605,1.607,1.6119999999999999,1.62,1.633,1.652,1.675,1.7,1.7269999999999999,1.754,1.78,1.801,1.819,1.6850714285714283,1.605,1.819,27.1,27.1,27.1,27.1,27.1,4.0,4.0,4.0,4.0,4.0,4.0,4.0,4.0,4.0,4.0,4.0,4.0,4.0,4.0,4.0,4.0,4.0
Bolivia,,,,,,,,,,,,,11.741,,11.741,11.741,11.741,5.12,5.78,5.45,5.12,5.78,4.575,4.482,4.39,4.302,4.218999999999999,4.14,4.062,3.9819999999999998,3.897,3.8089999999999997,3.72,3.633,3.551,3.477,4.017071428571429,3.477,4.575,31.7,31.7,31.7,31.7,31.7,2.0,2.0,2.0,2.0,2.0,2.0,2.0,2.0,2.0,2.0,2.0,2.0,2.0,2.0,2.0,2.0,2.0
Bosnia and Herzegovina,,,,,,,,,,,,,6.405,,6.405,6.405,6.405,9.63,9.6,9.615,9.6,9.63,1.528,1.5190000000000001,1.5030000000000001,1.474,1.433,1.381,1.325,1.275,1.236,1.21,1.199,1.199,1.207,1.218,1.3362142857142858,1.199,1.528,42.3,42.3,42.3,42.3,42.3,2.0,2.0,2.0,2.0,2.0,3.0,3.0,3.0,3.0,3.0,3.0,3.0,3.0,3.0,3.0,2.0,3.0
Bulgaria,,,,,,,,,,,6.85,8.361,8.804,9.662,8.41925,6.85,9.662,12.44,11.4,11.92,11.4,12.44,1.344,1.28,1.2309999999999999,1.198,1.181,1.181,1.195,1.2209999999999999,1.254,1.29,1.328,1.365,1.4,1.433,1.2786428571428572,1.181,1.433,37.7,37.7,37.7,37.7,37.7,3.0,3.0,3.0,3.0,3.0,3.0,3.0,3.0,3.0,3.0,3.0,3.0,3.0,3.0,3.0,3.0,3.0
Burkina Faso,,,,,,,,,,,,,19.398,,19.398,19.398,19.398,6.98,7.32,7.15,6.98,7.32,6.843999999999999,6.801,6.754,6.704,6.65,6.5920000000000005,6.531000000000001,6.468,6.403,6.335,6.265,6.193,6.1160000000000005,6.037000000000001,6.478071428571428,6.037000000000001,6.843999999999999,16.6,16.6,16.6,16.6,16.6,1.0,1.0,1.0,1.0,1.0,1.0,1.0,1.0,1.0,1.0,1.0,1.0,1.0,1.0,1.0,1.0,1.0
Cambodia,,,,,,,,,,,,,1.9720799999999998,,1.9720799999999998,1.9720799999999998,1.9720799999999998,4.77,4.71,4.74,4.71,4.77,4.62,4.423,4.236000000000001,4.059,3.8960000000000004,3.75,3.6189999999999998,3.5039999999999996,3.4010000000000002,3.31,3.23,3.162,3.102,3.051,3.6687857142857143,3.051,4.62,23.6,23.6,23.6,23.6,23.6,1.0,1.0,1.0,1.0,1.0,1.0,1.0,1.0,1.0,1.0,1.0,1.0,1.0,2.0,1.0,1.0,2.0
Cameroon,,,,,,,20.4641525,,,,,,,,20.4641525,20.4641525,20.4641525,7.57,7.9,7.735,7.57,7.9,5.989,5.903,5.8229999999999995,5.749,5.682,5.621,5.567,5.515,5.4639999999999995,5.412999999999999,5.358,5.2989999999999995,5.235,5.167000000000001,5.556071428571428,5.167000000000001,5.989,7.4,7.4,7.4,7.4,7.4,1.0,1.0,1.0,1.0,2.0,2.0,2.0,2.0,2.0,2.0,2.0,2.0,2.0,2.0,2.0,1.0,2.0
Canada,,,8.583,7.667000000000001,8.072000000000001,6.4,5.989,6.308,5.859,5.607,,6.3329,,,6.757544444444445,5.607,8.583,9.77,10.2,9.985,9.77,10.2,1.67,1.631,1.567,1.556,1.544,1.507,1.536,1.5130000000000001,1.5419999999999998,1.548,1.5659999999999998,1.6130000000000002,1.6569999999999998,1.6808,1.5807714285714287,1.507,1.6808,21.6,21.6,21.6,21.6,21.6,4.0,4.0,4.0,4.0,4.0,4.0,4.0,4.0,4.0,4.0,4.0,4.0,4.0,4.0,4.0,4.0,4.0
Chile,,,2.491,1.8159999999999998,0.7709999999999999,1.421,1.771,0.88,1.2209999999999999,1.472,1.329,3.3291,,,1.6501100000000002,0.7709999999999999,3.3291,8.55,8.81,8.68,8.55,8.81,2.388,2.3209999999999997,2.254,2.1919999999999997,2.135,2.0869999999999997,2.0469999999999997,2.0140000000000002,1.985,1.96,1.939,1.92,1.903,1.8880000000000001,2.073785714285714,1.8880000000000001,2.388,37.9,37.9,37.9,37.9,37.9,3.0,3.0,3.0,3.0,3.0,3.0,3.0,3.0,3.0,3.0,3.0,3.0,3.0,3.0,3.0,3.0,3.0
China,,,,,,,,,,,,,3.5902199999999995,,3.5902199999999995,3.5902199999999995,3.5902199999999995,5.91,5.56,5.734999999999999,5.56,5.91,1.746,1.656,1.591,1.546,1.52,1.51,1.514,1.527,1.546,1.5659999999999998,1.585,1.6019999999999999,1.617,1.63,1.5825714285714285,1.51,1.746,31.8,31.8,31.8,31.8,31.8,2.0,2.0,2.0,2.0,2.0,2.0,2.0,2.0,2.0,2.0,2.0,2.0,3.0,3.0,2.0,2.0,3.0
Comoros,,,,,,,,,,,,,28.95,,28.95,28.95,28.95,0.36,0.28,0.32,0.28,0.36,5.246,5.252999999999999,5.27,5.289,5.306,5.315,5.313,5.303,5.2829999999999995,5.254,5.216,5.167999999999999,5.112,5.051,5.241357142857143,5.051,5.315,20.7,20.7,20.7,20.7,20.7,1.0,1.0,1.0,1.0,1.0,1.0,1.0,1.0,1.0,1.0,1.0,1.0,1.0,1.0,1.0,1.0,1.0
Costa Rica,,,5.185,6.495,5.973,5.372999999999999,1.975,4.746,4.69,3.4789999999999996,1.146,0.589,6.3195,,4.179136363636363,0.589,6.495,5.55,5.81,5.68,5.55,5.81,2.758,2.6860000000000004,2.616,2.548,2.481,2.414,2.345,2.275,2.204,2.134,2.0669999999999997,2.006,1.953,1.909,2.314,1.909,2.758,16.8,16.8,16.8,16.8,16.8,3.0,3.0,3.0,3.0,3.0,3.0,3.0,3.0,3.0,3.0,3.0,3.0,3.0,3.0,3.0,3.0,3.0
Croatia,9.582,7.656000000000001,8.365,7.947,7.582000000000001,8.698,7.591,6.736000000000001,8.884,8.075,7.474,6.952000000000001,7.15,6.434,7.794714285714286,6.434,9.582,15.11,15.0,15.055,15.0,15.11,1.517,1.514,1.508,1.494,1.472,1.444,1.415,1.391,1.3769999999999998,1.3730000000000002,1.38,1.395,1.413,1.432,1.4374999999999998,1.3730000000000002,1.517,34.0,34.0,34.0,34.0,34.0,3.0,3.0,3.0,3.0,3.0,3.0,3.0,3.0,3.0,3.0,3.0,3.0,3.0,3.0,3.0,3.0,3.0
Cuba,,,,,,5.063,4.205,3.64,3.468,3.057,3.2460000000000004,2.8489999999999998,2.63,,3.51975,2.63,5.063,5.51,5.12,5.3149999999999995,5.12,5.51,1.614,1.609,1.61,1.615,1.621,1.626,1.626,1.621,1.61,1.5919999999999999,1.57,1.545,1.52,1.4980000000000002,1.5912142857142857,1.4980000000000002,1.626,35.9,35.9,35.9,35.9,35.9,2.0,2.0,2.0,2.0,3.0,3.0,3.0,3.0,3.0,3.0,3.0,3.0,3.0,3.0,3.0,2.0,3.0
Denmark,5.914,5.65,5.056,5.34,5.67,5.287999999999999,5.438,5.6,5.409,4.162,3.8760000000000003,3.4810000000000003,,,5.073666666666667,3.4810000000000003,5.914,13.37,12.02,12.695,12.02,13.37,1.807,1.7469999999999999,1.7519999999999998,1.724,1.735,1.771,1.7469999999999999,1.723,1.758,1.784,1.8019999999999998,1.85,1.8464,1.8923,1.781335714285714,1.723,1.8923,33.4,33.4,33.4,33.4,33.4,4.0,4.0,4.0,4.0,4.0,4.0,4.0,4.0,4.0,4.0,4.0,4.0,4.0,4.0,4.0,4.0,4.0
Ecuador,,,4.463,2.3890000000000002,2.4530000000000003,3.821,4.1,3.2760000000000002,5.5520000000000005,5.341,4.646,7.04,,,4.3081000000000005,2.3890000000000002,7.04,9.38,9.43,9.405000000000001,9.38,9.43,3.335,3.27,3.213,3.161,3.113,3.068,3.025,2.983,2.94,2.897,2.853,2.81,2.7680000000000002,2.728,3.011714285714286,2.728,3.335,14.9,14.9,14.9,14.9,14.9,3.0,3.0,3.0,3.0,3.0,2.0,3.0,3.0,3.0,3.0,3.0,3.0,3.0,3.0,3.0,2.0,3.0
Egypt,,,,,,8.18,,,,8.49,8.509,8.722000000000001,10.434000000000001,10.704,9.173166666666669,8.18,10.704,0.37,0.32,0.345,0.32,0.37,3.659,3.5789999999999997,3.508,3.44,3.372,3.306,3.242,3.1839999999999997,3.134,3.091,3.053,3.02,2.987,2.9539999999999997,3.252071428571429,2.9539999999999997,3.659,15.1,15.1,15.1,15.1,15.1,2.0,2.0,2.0,2.0,2.0,2.0,2.0,2.0,2.0,2.0,2.0,2.0,2.0,3.0,2.0,2.0,3.0
Estonia,,,14.126,14.129000000000001,10.898,9.115,7.932,10.447000000000001,6.943,6.544,7.7410000000000005,9.554,9.567,5.896,9.407666666666666,5.896,14.129000000000001,15.57,17.24,16.405,15.57,17.24,1.432,1.3780000000000001,1.3419999999999999,1.32,1.3119999999999998,1.319,1.341,1.3769999999999998,1.422,1.472,1.5219999999999998,1.565,1.598,1.619,1.4299285714285712,1.3119999999999998,1.619,38.8,38.8,38.8,38.8,38.8,3.0,3.0,3.0,3.0,3.0,3.0,3.0,3.0,3.0,3.0,4.0,4.0,4.0,4.0,3.0,3.0,4.0
Ethiopia,,,,,,,,,,,,,19.046,,19.046,19.046,19.046,4.02,4.1,4.06,4.02,4.1,6.995,6.935,6.861000000000001,6.769,6.659,6.529,6.38,6.218,6.046,5.87,5.693,5.52,5.353,5.193,6.215785714285714,5.193,6.995,4.3,4.3,4.3,4.3,4.3,1.0,1.0,1.0,1.0,1.0,1.0,1.0,1.0,1.0,1.0,1.0,1.0,1.0,1.0,1.0,1.0,1.0
Fiji,,,,,,,,,,,,,5.625,,5.625,5.625,5.625,2.43,2.76,2.5949999999999998,2.43,2.76,3.2760000000000002,3.2439999999999998,3.2089999999999996,3.1710000000000003,3.1319999999999997,3.09,3.0460000000000003,3.0010000000000003,2.9539999999999997,2.907,2.86,2.8160000000000003,2.7739999999999996,2.736,3.0154285714285716,2.736,3.2760000000000002,14.4,14.4,14.4,14.4,14.4,2.0,2.0,2.0,2.0,2.0,2.0,2.0,2.0,2.0,2.0,2.0,2.0,2.0,2.0,2.0,2.0,2.0
Finland,,4.702,5.11,4.579,4.926,4.547,5.351,4.974,4.632,4.758,4.341,3.7039999999999997,4.632,3.615,4.6054615384615385,3.615,5.351,12.52,13.1,12.809999999999999,12.52,13.1,1.81,1.76,1.75,1.71,1.73,1.73,1.73,1.72,1.76,1.8,1.8,1.84,1.83,1.85,1.772857142857143,1.71,1.85,28.1,28.1,28.1,28.1,28.1,4.0,4.0,4.0,4.0,4.0,4.0,4.0,4.0,4.0,4.0,4.0,4.0,4.0,4.0,4.0,4.0,4.0
France,,,6.813,6.818,5.466,5.992000000000001,6.39,6.07,4.426,3.958,3.592,3.091,2.491,,5.0097272727272735,2.491,6.818,13.66,12.48,13.07,12.48,13.66,1.723,1.735,1.751,1.7719999999999998,1.795,1.819,1.844,1.869,1.893,1.916,1.936,1.952,1.964,1.973,1.853,1.723,1.973,31.7,31.7,31.7,31.7,31.7,4.0,4.0,4.0,4.0,4.0,4.0,4.0,4.0,4.0,4.0,4.0,4.0,4.0,4.0,4.0,4.0,4.0
Georgia,,,,5.912000000000001,6.952999999999999,6.529,8.737,,,,,,,,7.03275,5.912000000000001,8.737,6.4,6.66,6.53,6.4,6.66,1.879,1.8119999999999998,1.749,1.692,1.643,1.609,1.5919999999999999,1.5930000000000002,1.609,1.639,1.6780000000000002,1.719,1.758,1.788,1.6971428571428573,1.5919999999999999,1.879,31.9,31.9,31.9,31.9,31.9,1.0,2.0,2.0,2.0,2.0,2.0,2.0,2.0,2.0,2.0,2.0,2.0,2.0,2.0,2.0,1.0,2.0
Germany,,,,6.136,6.106,5.912000000000001,5.237,5.08,4.6819999999999995,3.9539999999999997,3.3819999999999997,3.28,,,4.863222222222222,3.28,6.136,12.81,12.14,12.475000000000001,12.14,12.81,1.3130000000000002,1.3219999999999998,1.331,1.34,1.347,1.35,1.3519999999999999,1.3519999999999999,1.351,1.3519999999999999,1.3530000000000002,1.3559999999999999,1.361,1.368,1.3462857142857143,1.3130000000000002,1.368,31.6,31.6,31.6,31.6,31.6,4.0,4.0,4.0,4.0,4.0,4.0,4.0,4.0,4.0,4.0,4.0,4.0,4.0,4.0,4.0,4.0,4.0
Ghana,,,,,,,,,,,,13.86287525,,,13.86287525,13.86287525,13.86287525,2.97,3.11,3.04,2.97,3.11,5.058,4.959,4.87,4.793,4.727,4.669,4.617,4.566,4.512,4.455,4.3919999999999995,4.3260000000000005,4.257,4.188,4.599214285714285,4.188,5.058,5.5,5.5,5.5,5.5,5.5,1.0,1.0,1.0,1.0,1.0,1.0,1.0,1.0,1.0,1.0,1.0,1.0,1.0,1.0,1.0,1.0,1.0
Greece,,,,13.624,11.485999999999999,11.793,11.184000000000001,10.255,8.953,10.825999999999999,10.322000000000001,9.175,,,10.846444444444444,8.953,13.624,10.75,11.01,10.879999999999999,10.75,11.01,1.32,1.306,1.2930000000000001,1.2819999999999998,1.273,1.2690000000000001,1.272,1.284,1.304,1.3319999999999999,1.364,1.399,1.431,1.459,1.3277142857142858,1.2690000000000001,1.459,51.8,51.8,51.8,51.8,51.8,4.0,4.0,4.0,4.0,4.0,4.0,4.0,4.0,4.0,4.0,4.0,4.0,4.0,4.0,4.0,4.0,4.0
Guatemala,,,,,,,,,,3.098016775,1.8,0.862,,,1.9200055916666667,0.862,3.098016775,4.03,7.1,5.5649999999999995,4.03,7.1,5.237,5.148,5.058,4.97,4.8839999999999995,4.801,4.718,4.6339999999999995,4.547,4.459,4.371,4.283,4.199,4.119,4.6734285714285715,4.119,5.237,14.4,14.4,14.4,14.4,14.4,2.0,2.0,2.0,2.0,2.0,2.0,2.0,2.0,2.0,2.0,2.0,2.0,2.0,2.0,2.0,2.0,2.0
Hungary,,6.24,6.187,6.032,6.029,5.7170000000000005,5.64,7.329,7.122999999999999,7.023,6.876,7.074,6.734,5.234,6.402923076923077,5.234,7.329,16.27,16.12,16.195,16.12,16.27,1.557,1.4880000000000002,1.425,1.3730000000000002,1.3330000000000002,1.307,1.2930000000000001,1.288,1.288,1.2919999999999998,1.2990000000000002,1.308,1.32,1.3330000000000002,1.3502857142857145,1.288,1.557,39.8,39.8,39.8,39.8,39.8,3.0,3.0,3.0,3.0,3.0,3.0,3.0,3.0,3.0,4.0,4.0,4.0,4.0,4.0,3.0,3.0,4.0
Iceland,,2.803,2.489,9.302999999999999,4.026,9.261000000000001,8.381,9.333,6.029,5.332999999999999,4.566,8.03,3.091,3.435,5.852307692307692,2.489,9.333,6.31,7.38,6.845,6.31,7.38,2.1319999999999997,2.104,2.074,2.046,2.022,2.005,1.999,2.003,2.016,2.036,2.061,2.085,2.105,2.1180000000000003,2.0575714285714284,1.999,2.1319999999999997,26.3,26.3,26.3,26.3,26.3,4.0,4.0,4.0,4.0,4.0,4.0,4.0,4.0,4.0,4.0,4.0,4.0,4.0,4.0,4.0,4.0,4.0
India,,,,,,,,,,,,3.033993307,,,3.033993307,3.033993307,3.033993307,2.59,2.69,2.6399999999999997,2.59,2.69,3.4730000000000003,3.4019999999999997,3.3339999999999996,3.2689999999999997,3.207,3.145,3.083,3.0180000000000002,2.952,2.884,2.8169999999999997,2.753,2.694,2.6430000000000002,3.0481428571428575,2.6430000000000002,3.4730000000000003,18.6,18.6,18.6,18.6,18.6,1.0,1.0,1.0,1.0,1.0,1.0,1.0,2.0,2.0,2.0,2.0,2.0,2.0,2.0,2.0,1.0,2.0
Indonesia,,,,,,,,,,,,,,1.232,1.232,1.232,1.232,0.59,0.56,0.575,0.56,0.59,2.6910000000000003,2.628,2.575,2.5340000000000003,2.503,2.484,2.475,2.474,2.479,2.4859999999999998,2.4930000000000003,2.495,2.49,2.479,2.5204285714285715,2.474,2.6910000000000003,35.4,35.4,35.4,35.4,35.4,2.0,2.0,2.0,2.0,2.0,2.0,2.0,2.0,2.0,2.0,2.0,2.0,2.0,2.0,2.0,2.0,2.0
Iran,,,,,,,,,,26.72674795,,,,,26.72674795,26.72674795,26.72674795,1.02,1.03,1.025,1.02,1.03,3.2039999999999997,2.946,2.716,2.512,2.3369999999999997,2.193,2.079,1.994,1.9340000000000002,1.895,1.8730000000000002,1.8659999999999999,1.87,1.88,2.2356428571428575,1.8659999999999999,3.2039999999999997,17.6,17.6,17.6,17.6,17.6,3.0,3.0,3.0,3.0,3.0,3.0,3.0,3.0,3.0,3.0,3.0,3.0,3.0,3.0,3.0,3.0,3.0
Ireland,,6.689,6.496,7.365,6.724,7.104,6.473,5.593999999999999,4.488,3.778,4.468999999999999,4.036891446,4.1080000000000005,3.7680000000000002,5.468683957384615,3.7680000000000002,7.365,14.41,14.92,14.665,14.41,14.92,1.8980000000000001,1.9069999999999998,1.919,1.932,1.943,1.9509999999999998,1.9580000000000002,1.965,1.972,1.979,1.9869999999999999,1.993,1.999,2.002,1.9574999999999996,1.8980000000000001,2.002,26.3,26.3,26.3,26.3,26.3,4.0,4.0,4.0,4.0,4.0,4.0,4.0,4.0,4.0,4.0,4.0,4.0,4.0,4.0,4.0,4.0,4.0
Israel,,7.34,7.182,5.9879999999999995,6.159,5.23,6.678,5.787999999999999,4.773,5.441,4.939,4.382,4.5889999999999995,,5.707416666666666,4.382,7.34,2.89,2.52,2.705,2.52,2.89,2.924,2.924,2.925,2.925,2.924,2.9210000000000003,2.918,2.9139999999999997,2.912,2.91,2.91,2.911,2.9130000000000003,2.9160000000000004,2.9176428571428565,2.91,2.925,24.6,24.6,24.6,24.6,24.6,4.0,4.0,4.0,4.0,4.0,4.0,4.0,4.0,4.0,4.0,4.0,4.0,4.0,4.0,4.0,4.0,4.0
Italy,,7.21,7.755,7.472,7.3870000000000005,7.084,6.94,6.857,5.449,,,4.098,3.778,,6.4030000000000005,3.778,7.755,10.68,9.72,10.2,9.72,10.68,1.24,1.228,1.22,1.215,1.214,1.22,1.23,1.246,1.266,1.29,1.315,1.341,1.367,1.392,1.2702857142857142,1.214,1.392,26.1,26.1,26.1,26.1,26.1,4.0,4.0,4.0,4.0,4.0,4.0,4.0,4.0,4.0,4.0,4.0,4.0,4.0,4.0,4.0,4.0,4.0
Jamaica,,,,,,,,,,,,,7.02,,7.02,7.02,7.02,5.0,5.17,5.085,5.0,5.17,2.7439999999999998,2.7119999999999997,2.6830000000000003,2.655,2.6289999999999996,2.603,2.5780000000000003,2.552,2.525,2.498,2.47,2.4419999999999997,2.414,2.387,2.5637142857142856,2.387,2.7439999999999998,15.0,15.0,15.0,15.0,15.0,3.0,3.0,3.0,3.0,3.0,3.0,3.0,3.0,3.0,3.0,3.0,3.0,3.0,3.0,3.0,3.0,3.0
Japan,3.9930000000000003,3.741,3.7560000000000002,3.511,3.4019999999999997,3.3310000000000004,3.114,2.8960000000000004,2.467,2.381,2.2,1.925,1.706,1.381,2.8431428571428574,1.381,3.9930000000000003,8.03,7.79,7.91,7.79,8.03,1.413,1.392,1.3719999999999999,1.354,1.337,1.3219999999999998,1.31,1.3030000000000002,1.3,1.301,1.307,1.317,1.329,1.3430000000000002,1.3357142857142859,1.3,1.413,29.4,29.4,29.4,29.4,29.4,4.0,4.0,4.0,4.0,4.0,4.0,4.0,4.0,4.0,4.0,4.0,4.0,4.0,4.0,4.0,4.0,4.0
Jordan,,,,,,,,,,,,,27.84,,27.84,27.84,27.84,0.71,0.65,0.6799999999999999,0.65,0.71,4.677,4.531000000000001,4.395,4.269,4.155,4.053,3.966,3.8930000000000002,3.832,3.78,3.734,3.6889999999999996,3.641,3.5860000000000003,4.0143571428571425,3.5860000000000003,4.677,36.5,36.5,36.5,36.5,36.5,2.0,2.0,2.0,2.0,2.0,2.0,2.0,2.0,2.0,2.0,2.0,2.0,2.0,2.0,2.0,2.0,2.0
Kenya,,,,,,,,,,,,,18.7892,,18.7892,18.7892,18.7892,4.14,3.88,4.01,3.88,4.14,5.251,5.165,5.102,5.059,5.03,5.012,5.001,4.99,4.976,4.955,4.923,4.879,4.824,4.761,4.994857142857143,4.761,5.251,14.7,14.7,14.7,14.7,14.7,1.0,1.0,1.0,1.0,1.0,1.0,1.0,1.0,1.0,1.0,1.0,1.0,1.0,1.0,1.0,1.0,1.0
Kyrgyzstan,,,,,,4.46,4.478,7.468999999999999,7.817,7.901,7.297999999999999,4.63,9.618,10.702,7.152555555555556,4.46,10.702,5.09,4.72,4.904999999999999,4.72,5.09,3.304,3.1710000000000003,3.037,2.904,2.78,2.674,2.594,2.544,2.526,2.5380000000000003,2.5789999999999997,2.6460000000000004,2.728,2.815,2.774285714285714,2.526,3.304,24.7,24.7,24.7,24.7,24.7,1.0,1.0,1.0,1.0,1.0,1.0,1.0,1.0,1.0,2.0,1.0,2.0,2.0,2.0,1.0,1.0,2.0
Latvia,,9.649,11.347999999999999,15.555,13.607000000000001,13.033,12.405999999999999,12.765,11.647,11.069,10.238,8.135,10.011000000000001,8.275,11.364461538461539,8.135,15.555,12.5,13.45,12.975,12.5,13.45,1.357,1.275,1.216,1.18,1.168,1.178,1.207,1.247,1.294,1.3419999999999999,1.3880000000000001,1.43,1.4669999999999999,1.501,1.3035714285714286,1.168,1.501,39.4,39.4,39.4,39.4,39.4,3.0,3.0,3.0,3.0,3.0,3.0,3.0,3.0,3.0,3.0,3.0,3.0,4.0,3.0,3.0,3.0,4.0
Lithuania,,,,11.738,11.505999999999998,9.423,10.716,11.238,11.65,11.005,12.663,13.661,13.209000000000001,8.09,11.354454545454546,8.09,13.661,15.03,16.3,15.665,15.03,16.3,1.64,1.57,1.5019999999999998,1.439,1.383,1.338,1.308,1.2930000000000001,1.2919999999999998,1.3030000000000002,1.325,1.354,1.386,1.4169999999999998,1.3964285714285711,1.2919999999999998,1.64,33.0,33.0,33.0,33.0,33.0,3.0,3.0,3.0,3.0,3.0,3.0,3.0,3.0,3.0,3.0,3.0,3.0,4.0,4.0,3.0,3.0,4.0
Luxembourg,,,,11.609000000000002,11.345999999999998,14.807,15.204,12.482999999999999,8.017999999999999,7.635,8.638,5.971,,,10.634555555555558,5.971,15.204,13.01,12.84,12.925,12.84,13.01,1.7109999999999999,1.72,1.7209999999999999,1.716,1.7069999999999999,1.695,1.68,1.665,1.65,1.6380000000000001,1.629,1.624,1.6230000000000002,1.626,1.6717857142857147,1.6230000000000002,1.7209999999999999,34.7,34.7,34.7,34.7,34.7,4.0,4.0,4.0,4.0,4.0,4.0,4.0,4.0,4.0,4.0,4.0,4.0,4.0,4.0,4.0,4.0,4.0
Malawi,,,,,,,,,,,,,11.88,,11.88,11.88,11.88,1.74,1.44,1.5899999999999999,1.44,1.74,6.483,6.446000000000001,6.4110000000000005,6.369,6.317,6.254,6.186,6.119,6.058,6.002000000000001,5.95,5.899,5.843,5.781000000000001,6.151285714285715,5.781000000000001,6.483,15.0,15.0,15.0,15.0,15.0,1.0,1.0,1.0,1.0,1.0,1.0,1.0,1.0,1.0,1.0,1.0,1.0,1.0,1.0,1.0,1.0,1.0
Malaysia,,,,,,5.879,0.644,0.38299999999999995,1.724,9.863,10.555,9.539,6.1279,,5.5893625,0.38299999999999995,10.555,0.82,0.87,0.845,0.82,0.87,3.339,3.275,3.19,3.085,2.9610000000000003,2.825,2.6830000000000003,2.544,2.418,2.307,2.2159999999999997,2.146,2.093,2.052,2.652428571428571,2.052,3.339,28.8,28.8,28.8,28.8,28.8,3.0,3.0,3.0,3.0,3.0,3.0,3.0,3.0,3.0,3.0,3.0,3.0,3.0,3.0,3.0,3.0,3.0
Malta,2.886,2.296,2.234,1.706,1.389,2.51,2.296,1.4340000000000002,0.956,1.449,2.695,1.463,1.5230000000000001,2.228,1.9332142857142858,0.956,2.886,4.27,4.1,4.185,4.1,4.27,1.93,1.881,1.819,1.7480000000000002,1.671,1.5930000000000002,1.521,1.4609999999999999,1.4169999999999998,1.3880000000000001,1.375,1.3730000000000002,1.375,1.3769999999999998,1.566357142857143,1.3730000000000002,1.93,28.7,28.7,28.7,28.7,28.7,4.0,4.0,4.0,4.0,4.0,4.0,4.0,4.0,4.0,4.0,4.0,4.0,4.0,4.0,4.0,4.0,4.0
Mauritius,,,,,,0.113,0.11900000000000001,,,,,,2.9881525,,1.0733841666666668,0.113,2.9881525,3.72,3.53,3.625,3.53,3.72,2.144,2.105,2.0709999999999997,2.042,2.0180000000000002,1.994,1.965,1.9269999999999998,1.8769999999999998,1.818,1.7530000000000001,1.6869999999999998,1.6280000000000001,1.579,1.9005714285714286,1.579,2.144,18.5,18.5,18.5,18.5,18.5,3.0,3.0,3.0,3.0,3.0,3.0,3.0,3.0,3.0,3.0,3.0,3.0,3.0,3.0,3.0,3.0,3.0
Mexico,,,,8.52,8.658,8.681000000000001,8.065,8.84,8.675,8.818999999999999,9.253,9.669,9.468,,8.864799999999999,8.065,9.669,8.42,8.55,8.485,8.42,8.55,2.966,2.8960000000000004,2.8310000000000004,2.77,2.7119999999999997,2.659,2.61,2.565,2.523,2.484,2.448,2.4130000000000003,2.379,2.346,2.6144285714285718,2.346,2.966,24.7,24.7,24.7,24.7,24.7,3.0,3.0,3.0,3.0,3.0,3.0,3.0,3.0,3.0,3.0,3.0,3.0,3.0,3.0,3.0,3.0,3.0
Moldova,,3.7710000000000004,3.931,4.287,4.361000000000001,2.616,2.572,3.312,3.3789999999999996,3.821,5.006,3.255,4.512,5.529,3.8732307692307697,2.572,5.529,18.22,23.01,20.615000000000002,18.22,23.01,1.882,1.801,1.73,1.6669999999999998,1.6130000000000002,1.568,1.535,1.511,1.4969999999999999,1.489,1.4869999999999999,1.4869999999999999,1.4880000000000002,1.4869999999999999,1.5887142857142853,1.4869999999999999,1.882,26.0,26.0,26.0,26.0,26.0,2.0,2.0,2.0,1.0,1.0,1.0,2.0,2.0,2.0,2.0,2.0,2.0,2.0,2.0,2.0,1.0,2.0
Mongolia,,,,,,,,,,,,,13.8237,,13.8237,13.8237,13.8237,3.24,3.41,3.325,3.24,3.41,2.738,2.57,2.43,2.312,2.2159999999999997,2.144,2.102,2.089,2.103,2.141,2.193,2.254,2.315,2.3680000000000003,2.2839285714285715,2.089,2.738,26.3,26.3,26.3,26.3,26.3,2.0,2.0,2.0,2.0,2.0,2.0,2.0,2.0,2.0,2.0,2.0,2.0,2.0,2.0,2.0,2.0,2.0
Morocco,,,,,,,,,,,,,15.253779999999999,,15.253779999999999,15.253779999999999,15.253779999999999,1.46,1.24,1.35,1.24,1.46,3.31,3.167,3.033,2.909,2.7969999999999997,2.698,2.611,2.535,2.47,2.418,2.385,2.377,2.398,2.443,2.6822142857142857,2.377,3.31,15.0,15.0,15.0,15.0,15.0,2.0,2.0,2.0,2.0,2.0,2.0,2.0,2.0,2.0,2.0,2.0,2.0,2.0,2.0,2.0,2.0,2.0
Mozambique,,,,,,,,,,,,,13.717,,13.717,13.717,13.717,2.38,2.27,2.325,2.27,2.38,5.976,5.925,5.88,5.84,5.808,5.782,5.76,5.7410000000000005,5.721,5.697,5.669,5.632000000000001,5.587999999999999,5.5360000000000005,5.753928571428572,5.5360000000000005,5.976,12.8,12.8,12.8,12.8,12.8,1.0,1.0,1.0,1.0,1.0,1.0,1.0,1.0,1.0,1.0,1.0,1.0,1.0,1.0,1.0,1.0,1.0
Netherlands,,4.173,3.858,3.715,3.946,3.878,3.471,3.5980000000000003,3.65,2.842,2.292,2.22,2.262,2.237,3.241692307692308,2.22,4.173,10.05,9.75,9.9,9.75,10.05,1.53,1.53,1.56,1.63,1.65,1.72,1.71,1.73,1.75,1.73,1.7080000000000002,1.72,1.7180000000000002,1.7730000000000001,1.6756428571428568,1.53,1.7730000000000001,34.3,34.3,34.3,34.3,34.3,4.0,4.0,4.0,4.0,4.0,4.0,4.0,4.0,4.0,4.0,4.0,4.0,4.0,4.0,4.0,4.0,4.0
New Zealand,,,11.408,10.495,11.073,9.761000000000001,9.417,8.655,9.762,9.157,8.433,6.891,7.6,,9.332,6.891,11.408,9.62,9.99,9.805,9.62,9.99,2.11318,2.06628,2.05154,1.9550599999999998,2.00464,1.97918,1.96176,1.954,1.9809999999999999,2.015,2.052,2.085,2.11,2.123,2.03226,1.954,2.123,28.6,28.6,28.6,28.6,28.6,4.0,4.0,4.0,4.0,4.0,4.0,4.0,4.0,4.0,4.0,4.0,4.0,4.0,4.0,4.0,4.0,4.0
Norway,,4.3260000000000005,4.793,5.456,4.939,5.261,4.312,4.942,4.41,4.105,3.57,3.2260000000000004,3.125,,4.372083333333334,3.125,5.456,7.81,8.35,8.08,7.81,8.35,1.87,1.89,1.86,1.81,1.85,1.85,1.78,1.75,1.8,1.83,1.84,1.9,1.9,1.96,1.849285714285714,1.75,1.96,32.0,32.0,32.0,32.0,32.0,4.0,4.0,4.0,4.0,4.0,4.0,4.0,4.0,4.0,4.0,4.0,4.0,4.0,4.0,4.0,4.0,4.0
Paraguay,,2.7230000000000003,3.89,4.82,6.067,5.574,4.74,3.13,3.3489999999999998,2.5639999999999996,2.682,3.247,,,3.8896363636363636,2.5639999999999996,6.067,7.88,7.91,7.895,7.88,7.91,4.09,4.005,3.9210000000000003,3.839,3.758,3.677,3.595,3.512,3.429,3.346,3.266,3.1910000000000003,3.123,3.063,3.5582142857142856,3.063,4.09,24.0,24.0,24.0,24.0,24.0,2.0,2.0,2.0,2.0,2.0,2.0,2.0,2.0,2.0,2.0,2.0,2.0,2.0,2.0,2.0,2.0,2.0
Philippines,,,,,3.759,3.582,2.804,2.824,2.5069999999999997,,,,,,3.0951999999999997,2.5069999999999997,3.759,6.38,6.08,6.23,6.08,6.38,4.006,3.9619999999999997,3.923,3.888,3.852,3.813,3.766,3.7089999999999996,3.642,3.5660000000000003,3.485,3.403,3.326,3.2569999999999997,3.6855714285714285,3.2569999999999997,4.006,26.0,26.0,26.0,26.0,26.0,2.0,2.0,2.0,2.0,2.0,2.0,2.0,2.0,2.0,2.0,2.0,2.0,2.0,2.0,2.0,2.0,2.0
Poland,,,,,8.839,8.276,7.597,7.8660000000000005,7.48,7.097,7.204,6.825,7.519,7.675,7.637800000000001,6.825,8.839,13.25,14.43,13.84,13.25,14.43,1.68,1.598,1.5190000000000001,1.4480000000000002,1.386,1.3359999999999999,1.3,1.278,1.268,1.268,1.278,1.294,1.3130000000000002,1.334,1.3785714285714286,1.268,1.68,35.6,35.6,35.6,35.6,35.6,3.0,3.0,3.0,3.0,3.0,3.0,3.0,3.0,3.0,3.0,3.0,3.0,3.0,4.0,3.0,3.0,4.0
Portugal,,,,2.957,2.43,5.625,,3.49,4.609,,,,5.0778,,4.031466666666666,2.43,5.625,14.55,13.89,14.22,13.89,14.55,1.483,1.479,1.4769999999999999,1.474,1.472,1.4680000000000002,1.4609999999999999,1.452,1.44,1.425,1.409,1.391,1.374,1.358,1.4402142857142854,1.358,1.483,35.8,35.8,35.8,35.8,35.8,4.0,4.0,4.0,4.0,4.0,4.0,4.0,4.0,4.0,4.0,4.0,4.0,4.0,4.0,4.0,4.0,4.0
Romania,,,,,,,,,,,,,8.80789659,,8.80789659,8.80789659,8.80789659,15.3,16.15,15.725,15.3,16.15,1.354,1.318,1.298,1.285,1.278,1.274,1.272,1.274,1.2790000000000001,1.288,1.2990000000000002,1.311,1.325,1.34,1.299642857142857,1.272,1.354,32.6,32.6,32.6,32.6,32.6,3.0,3.0,3.0,3.0,3.0,3.0,3.0,3.0,3.0,3.0,3.0,3.0,3.0,3.0,3.0,3.0,3.0
Russia,,,,,,,,,,,,,14.384,,14.384,14.384,14.384,15.76,16.23,15.995000000000001,15.76,16.23,1.338,1.271,1.219,1.2329999999999999,1.158,1.196,1.224,1.287,1.3330000000000002,1.341,1.288,1.296,1.406,1.494,1.2917142857142856,1.158,1.494,48.5,48.5,48.5,48.5,48.5,3.0,3.0,3.0,3.0,3.0,3.0,3.0,3.0,3.0,3.0,3.0,3.0,3.0,3.0,3.0,3.0,3.0
Saint Lucia,,,,,,,,,,,,,,15.8954,15.8954,15.8954,15.8954,11.85,12.05,11.95,11.85,12.05,2.873,2.76,2.6439999999999997,2.528,2.416,2.313,2.224,2.1519999999999997,2.0980000000000003,2.062,2.04,2.029,2.022,2.013,2.298142857142857,2.013,2.873,20.6,20.6,20.6,20.6,20.6,3.0,3.0,3.0,3.0,3.0,3.0,3.0,3.0,3.0,3.0,3.0,3.0,3.0,3.0,3.0,3.0,3.0
Senegal,,,,,,,,,,,,,24.7487,,24.7487,24.7487,24.7487,0.6,0.51,0.5549999999999999,0.51,0.6,6.053999999999999,5.943,5.837000000000001,5.737,5.645,5.561,5.484,5.412999999999999,5.346,5.285,5.229,5.181,5.14,5.107,5.497285714285714,5.107,6.053999999999999,10.7,10.7,10.7,10.7,10.7,1.0,1.0,1.0,1.0,1.0,1.0,1.0,1.0,1.0,1.0,1.0,1.0,1.0,1.0,1.0,1.0,1.0
Serbia,,,,,,,,,,,,,5.984885907000001,,5.984885907000001,5.984885907000001,5.984885907000001,11.09,12.21,11.65,11.09,12.21,1.8459999999999999,1.8030000000000002,1.761,1.7209999999999999,1.681,1.642,1.604,1.568,1.534,1.501,1.472,1.446,1.4240000000000002,1.406,1.6006428571428573,1.406,1.8459999999999999,42.3,42.3,42.3,42.3,42.3,3.0,3.0,3.0,3.0,3.0,3.0,3.0,3.0,3.0,3.0,3.0,3.0,3.0,3.0,3.0,3.0,3.0
Seychelles,,,,,,,,,,,,,11.7,,11.7,11.7,11.7,10.59,12.11,11.35,10.59,12.11,2.345,2.275,2.219,2.1790000000000003,2.157,2.1519999999999997,2.162,2.1830000000000003,2.209,2.2359999999999998,2.259,2.276,2.2840000000000003,2.2840000000000003,2.23,2.1519999999999997,2.345,21.2,21.2,21.2,21.2,21.2,3.0,3.0,3.0,4.0,4.0,3.0,3.0,3.0,3.0,3.0,3.0,3.0,4.0,3.0,3.0,3.0,4.0
Slovenia,12.24,12.905999999999999,9.997,8.354,8.508,7.584,8.033,7.687,6.779,7.9239999999999995,7.086,7.212999999999999,8.638,5.315,8.44742857142857,5.315,12.905999999999999,15.19,14.94,15.065,14.94,15.19,1.286,1.265,1.247,1.232,1.22,1.214,1.217,1.23,1.253,1.285,1.3230000000000002,1.3630000000000002,1.401,1.4340000000000002,1.2835714285714288,1.214,1.4340000000000002,26.5,26.5,26.5,26.5,26.5,3.0,4.0,4.0,4.0,4.0,4.0,4.0,4.0,4.0,4.0,4.0,4.0,4.0,4.0,4.0,3.0,4.0
South Africa,,24.518,6.165,8.23,6.021,4.676,3.7960000000000003,2.386,5.016,4.235,5.409,7.0,8.907,,7.196583333333333,2.386,24.518,9.46,10.16,9.81,9.46,10.16,3.11,3.04,2.983,2.937,2.8989999999999996,2.866,2.8339999999999996,2.801,2.763,2.721,2.675,2.627,2.58,2.5380000000000003,2.8124285714285713,2.5380000000000003,3.11,18.4,18.4,18.4,18.4,18.4,3.0,3.0,3.0,3.0,3.0,3.0,3.0,3.0,3.0,3.0,3.0,3.0,3.0,3.0,3.0,3.0,3.0
Spain,,,10.06,10.757,10.331,10.151,9.168,8.818,8.823,7.466,6.603,5.146,,,8.732299999999999,5.146,10.757,11.62,11.83,11.725,11.62,11.83,1.213,1.2,1.195,1.197,1.207,1.224,1.246,1.271,1.298,1.325,1.35,1.375,1.3969999999999998,1.419,1.279785714285714,1.195,1.419,33.7,33.7,33.7,33.7,33.7,4.0,4.0,4.0,4.0,4.0,4.0,4.0,4.0,4.0,4.0,4.0,4.0,4.0,4.0,4.0,4.0,4.0
Swaziland,,,,,,,,,,,,,20.15,,20.15,20.15,20.15,5.7,5.05,5.375,5.05,5.7,4.8660000000000005,4.709,4.564,4.4319999999999995,4.313,4.209,4.121,4.046,3.9819999999999998,3.925,3.8710000000000004,3.818,3.761,3.699,4.1654285714285715,3.699,4.8660000000000005,8.9,8.9,8.9,8.9,8.9,2.0,2.0,2.0,2.0,2.0,2.0,2.0,2.0,2.0,2.0,2.0,2.0,2.0,2.0,2.0,2.0,2.0
Sweden,,3.9760000000000004,3.6039999999999996,3.486,3.949,4.262,4.2860000000000005,4.127,3.8810000000000002,3.091,3.1839999999999997,3.0989999999999998,2.737,,3.640166666666666,2.737,4.2860000000000005,10.1,9.5,9.8,9.5,10.1,1.7309999999999999,1.6,1.528,1.517,1.5119999999999998,1.5590000000000002,1.58,1.665,1.7309999999999999,1.771,1.787,1.869,1.892,1.9169999999999998,1.6899285714285714,1.5119999999999998,1.9169999999999998,22.0,22.0,22.0,22.0,22.0,4.0,4.0,4.0,4.0,4.0,4.0,4.0,4.0,4.0,4.0,4.0,4.0,4.0,4.0,4.0,4.0,4.0
Switzerland,,,,,,,,,,,,2.34153648,,,2.34153648,2.34153648,2.34153648,11.06,11.41,11.235,11.06,11.41,1.515,1.5019999999999998,1.4869999999999999,1.47,1.453,1.4369999999999998,1.425,1.4180000000000001,1.416,1.42,1.429,1.442,1.4569999999999999,1.472,1.4530714285714286,1.416,1.515,26.5,26.5,26.5,26.5,26.5,4.0,4.0,4.0,4.0,4.0,4.0,4.0,4.0,4.0,4.0,4.0,4.0,4.0,4.0,4.0,4.0,4.0
Tanzania,,,,,,,,,,,,,16.5456,,16.5456,16.5456,16.5456,6.75,7.86,7.305,6.75,7.86,5.882999999999999,5.827999999999999,5.78,5.7410000000000005,5.711,5.689,5.675,5.666,5.659,5.651,5.638,5.6160000000000005,5.585,5.542999999999999,5.690357142857143,5.542999999999999,5.882999999999999,14.6,14.6,14.6,14.6,14.6,1.0,1.0,1.0,1.0,1.0,1.0,1.0,1.0,1.0,1.0,1.0,1.0,1.0,1.0,1.0,1.0,1.0
Thailand,26.828000000000003,25.746,17.12,8.041,16.304000000000002,13.577,,9.383,,,,7.98,2.101,,14.12,2.101,26.828000000000003,7.08,7.08,7.08,7.08,7.08,1.867,1.824,1.784,1.745,1.709,1.676,1.6440000000000001,1.615,1.588,1.5630000000000002,1.5390000000000001,1.517,1.496,1.4769999999999999,1.6460000000000001,1.4769999999999999,1.867,21.7,21.7,21.7,21.7,21.7,3.0,3.0,3.0,2.0,2.0,2.0,3.0,3.0,3.0,3.0,3.0,3.0,3.0,3.0,3.0,2.0,3.0
Tonga,,,,,,,,,,,,,3.85,,3.85,3.85,3.85,3.78,3.92,3.8499999999999996,3.78,3.92,4.447,4.391,4.34,4.3,4.27,4.25,4.236000000000001,4.221,4.202,4.177,4.144,4.104,4.059,4.012,4.225214285714285,4.012,4.447,39.0,39.0,39.0,39.0,39.0,2.0,2.0,2.0,2.0,2.0,2.0,2.0,2.0,2.0,2.0,2.0,2.0,2.0,2.0,2.0,2.0,2.0
Trinidad and Tobago,,,,,7.461,6.48,9.633,7.511,,,,,9.4468,,8.10636,6.48,9.633,6.28,6.16,6.220000000000001,6.16,6.28,1.9609999999999999,1.896,1.8430000000000002,1.801,1.7719999999999998,1.7530000000000001,1.744,1.744,1.749,1.758,1.7690000000000001,1.7790000000000001,1.788,1.796,1.796642857142857,1.744,1.9609999999999999,22.1,22.1,22.1,22.1,22.1,3.0,3.0,3.0,3.0,3.0,3.0,3.0,3.0,3.0,3.0,3.0,4.0,4.0,4.0,3.0,3.0,4.0
Tunisia,,,,,,,,,,,,,19.2926,,19.2926,19.2926,19.2926,1.29,1.05,1.17,1.05,1.29,2.676,2.524,2.3890000000000002,2.275,2.1830000000000003,2.114,2.068,2.041,2.0269999999999997,2.023,2.025,2.031,2.0380000000000003,2.044,2.1755714285714287,2.023,2.676,26.6,26.6,26.6,26.6,26.6,2.0,2.0,2.0,2.0,2.0,2.0,3.0,3.0,3.0,3.0,3.0,3.0,3.0,3.0,3.0,2.0,3.0
Turkey,,,,,,,,,,,,7.189345032,,,7.189345032,7.189345032,7.189345032,2.87,3.02,2.9450000000000003,2.87,3.02,2.715,2.661,2.609,2.557,2.506,2.454,2.404,2.356,2.311,2.27,2.234,2.202,2.173,2.147,2.399928571428571,2.147,2.715,35.5,35.5,35.5,35.5,35.5,3.0,3.0,3.0,3.0,3.0,3.0,3.0,3.0,3.0,3.0,3.0,3.0,3.0,3.0,3.0,3.0,3.0
Uganda,,,,,,,,,,,,,13.687999999999999,,13.687999999999999,13.687999999999999,13.687999999999999,11.93,16.4,14.165,11.93,16.4,7.018,6.994,6.9670000000000005,6.937,6.903,6.865,6.822,6.772,6.716,6.653,6.582999999999999,6.507000000000001,6.425,6.337999999999999,6.75,6.337999999999999,7.018,12.1,12.1,12.1,12.1,12.1,1.0,1.0,1.0,1.0,1.0,1.0,1.0,1.0,1.0,1.0,1.0,1.0,1.0,1.0,1.0,1.0,1.0
United Arab Emirates,,,,,,,,,,,,,31.85,,31.85,31.85,31.85,0.54,0.52,0.53,0.52,0.54,3.3930000000000002,3.215,3.052,2.9019999999999997,2.766,2.6439999999999997,2.532,2.428,2.329,2.2359999999999998,2.149,2.0709999999999997,2.004,1.9480000000000002,2.5477857142857148,1.9480000000000002,3.3930000000000002,14.4,14.4,14.4,14.4,14.4,4.0,4.0,4.0,4.0,4.0,4.0,4.0,4.0,4.0,4.0,4.0,4.0,4.0,4.0,4.0,4.0,4.0
United Kingdom,,,,3.452,3.3930000000000002,,3.175,3.455,3.5639999999999996,3.285,3.3480000000000003,3.2569999999999997,3.377,,3.367333333333333,3.175,3.5639999999999996,13.37,13.24,13.305,13.24,13.37,1.756,1.743,1.7280000000000002,1.71,1.6909999999999998,1.675,1.669,1.6740000000000002,1.693,1.723,1.7619999999999998,1.8030000000000002,1.841,1.871,1.7385000000000002,1.669,1.871,35.7,35.7,35.7,35.7,35.7,4.0,4.0,4.0,4.0,4.0,4.0,4.0,4.0,4.0,4.0,4.0,4.0,4.0,4.0,4.0,4.0,4.0
United States,,,12.725999999999999,12.504000000000001,10.972000000000001,10.912,10.752,11.154000000000002,10.615,10.285,9.949,9.5228,,,10.93918,9.5228,12.725999999999999,9.44,9.7,9.57,9.44,9.7,1.982,1.98,1.974,2.003,2.009,2.0540000000000003,2.031,2.024,2.053,2.0580000000000003,2.061,2.112,2.122,2.074,2.038357142857143,1.974,2.122,23.9,23.9,23.9,23.9,23.9,4.0,4.0,4.0,4.0,4.0,4.0,4.0,4.0,4.0,4.0,4.0,4.0,4.0,4.0,4.0,4.0,4.0
Uruguay,,,4.9719999999999995,7.452000000000001,5.062,3.217,2.6860000000000004,,,2.5660000000000003,,,,,4.325833333333333,2.5660000000000003,7.452000000000001,8.14,8.99,8.565000000000001,8.14,8.99,2.398,2.362,2.327,2.295,2.267,2.2430000000000003,2.2230000000000003,2.205,2.188,2.171,2.155,2.138,2.122,2.1069999999999998,2.2286428571428574,2.1069999999999998,2.398,32.6,32.6,32.6,32.6,32.6,3.0,3.0,3.0,3.0,3.0,3.0,3.0,3.0,3.0,3.0,3.0,3.0,3.0,3.0,3.0,3.0,3.0
Uzbekistan,,,,,,,,,,6.297000000000001,6.417999999999999,,,,6.3575,6.297000000000001,6.417999999999999,3.54,3.61,3.575,3.54,3.61,3.463,3.298,3.137,2.988,2.855,2.742,2.654,2.588,2.542,2.512,2.4930000000000003,2.4819999999999998,2.471,2.457,2.7629999999999995,2.457,3.463,12.8,12.8,12.8,12.8,12.8,1.0,1.0,1.0,1.0,1.0,1.0,1.0,1.0,2.0,2.0,2.0,2.0,2.0,2.0,2.0,1.0,2.0
Venezuela,,4.8180000000000005,6.291,8.218,7.394,7.946000000000001,8.083,7.984,6.485,6.849,6.82,,7.332000000000001,,7.11090909090909,4.8180000000000005,8.218,8.23,7.6,7.915,7.6,8.23,3.082,3.022,2.967,2.915,2.867,2.822,2.779,2.739,2.701,2.6639999999999997,2.6289999999999996,2.595,2.562,2.531,2.776785714285714,2.531,3.082,29.8,29.8,29.8,29.8,29.8,3.0,3.0,3.0,3.0,3.0,3.0,3.0,3.0,3.0,3.0,3.0,3.0,3.0,3.0,3.0,3.0,3.0
Zambia,,,,,,,,,,,,,11.2572,,11.2572,11.2572,11.2572,3.85,3.56,3.705,3.56,3.85,6.209,6.178999999999999,6.152,6.126,6.098,6.071000000000001,6.044,6.018,5.995,5.974,5.954,5.932,5.9079999999999995,5.881,6.0386428571428565,5.881,6.209,13.4,13.4,13.4,13.4,13.4,1.0,1.0,1.0,1.0,1.0,1.0,1.0,1.0,1.0,1.0,1.0,1.0,1.0,1.0,1.0,1.0,1.0
Zimbabwe,,,,,,,,,,,,20.8496,,,20.8496,20.8496,20.8496,5.08,4.96,5.02,4.96,5.08,4.4319999999999995,4.328,4.24,4.169,4.112,4.069,4.039,4.018,4.002,3.987,3.969,3.9410000000000003,3.903,3.853,4.075857142857143,3.853,4.4319999999999995,15.0,15.0,15.0,15.0,15.0,1.0,1.0,1.0,1.0,1.0,1.0,1.0,1.0,1.0,1.0,1.0,1.0,1.0,1.0,1.0,1.0,1.0
